{"cameraMode":{"drawMode":0,"name":"Shaded","section":"Shading Mode"},"sceneLighting":false,"audioPlay":false,"sceneViewState":{"m_AlwaysRefresh":false,"showFog":false,"showSkybox":false,"showFlares":false,"showImageEffects":false,"showParticleSystems":false,"showVisualEffectGraphs":true,"m_FxEnabled":true},"in2DMode":false,"pivot":{"x":9.685754776000977e-8,"y":0.040438324213027957,"z":0.24994614720344544},"rotation":{"x":-0.07903464883565903,"y":0.8055947422981262,"z":-0.5767107009887695,"w":-0.11040201038122177},"size":0.4929223358631134,"orthographic":false}