{"cameraMode":{"drawMode":0,"name":"Shaded","section":"Shading Mode"},"sceneLighting":false,"audioPlay":false,"sceneViewState":{"m_AlwaysRefresh":false,"showFog":false,"showSkybox":false,"showFlares":false,"showImageEffects":false,"showParticleSystems":false,"showVisualEffectGraphs":true,"m_FxEnabled":true},"in2DMode":false,"pivot":{"x":0.9348467588424683,"y":0.7061718702316284,"z":0.12022488564252854},"rotation":{"x":-0.07903464883565903,"y":0.8055947422981262,"z":-0.5767107009887695,"w":-0.11040201038122177},"size":0.9824679493904114,"orthographic":false}