{"cameraMode":{"drawMode":0,"name":"Shaded","section":"Shading Mode"},"sceneLighting":false,"audioPlay":false,"sceneViewState":{"m_AlwaysRefresh":false,"showFog":false,"showSkybox":false,"showFlares":false,"showImageEffects":false,"showParticleSystems":false,"showVisualEffectGraphs":true,"m_FxEnabled":true},"in2DMode":false,"pivot":{"x":-0.8059090971946716,"y":1.126052975654602,"z":-0.21126072108745576},"rotation":{"x":-0.14481404423713685,"y":0.8211681842803955,"z":-0.4976106286048889,"w":-0.23897384107112885},"size":0.28038305044174197,"orthographic":false}