{"cameraMode":{"drawMode":0,"name":"Shaded","section":"Shading Mode"},"sceneLighting":false,"audioPlay":false,"sceneViewState":{"m_AlwaysRefresh":false,"showFog":false,"showSkybox":false,"showFlares":false,"showImageEffects":false,"showParticleSystems":false,"showVisualEffectGraphs":true,"m_FxEnabled":true},"in2DMode":false,"pivot":{"x":-0.00014519691467285156,"y":-0.003518611192703247,"z":-0.0062061697244644169},"rotation":{"x":-0.07903464883565903,"y":0.8055947422981262,"z":-0.5767107009887695,"w":-0.11040201038122177},"size":0.2464476376771927,"orthographic":false}