{"cameraMode":{"drawMode":0,"name":"Shaded","section":"Shading Mode"},"sceneLighting":true,"audioPlay":false,"sceneViewState":{"m_AlwaysRefresh":false,"showFog":true,"showSkybox":true,"showFlares":true,"showImageEffects":true,"showParticleSystems":true,"showVisualEffectGraphs":true,"m_FxEnabled":true},"in2DMode":false,"pivot":{"x":1.0523930788040162,"y":-6.276588439941406,"z":36.17860412597656},"rotation":{"x":0.3199535012245178,"y":0.025568155571818353,"z":-0.008640077896416188,"w":0.9470413327217102},"size":19.499422073364259,"orthographic":false}