{"cameraMode":{"drawMode":0,"name":"Shaded","section":"Shading Mode"},"sceneLighting":true,"audioPlay":false,"sceneViewState":{"m_AlwaysRefresh":false,"showFog":true,"showSkybox":true,"showFlares":true,"showImageEffects":true,"showParticleSystems":true,"showVisualEffectGraphs":true,"m_FxEnabled":true},"in2DMode":false,"pivot":{"x":-0.7287311553955078,"y":1.251479983329773,"z":-0.023212194442749025},"rotation":{"x":-0.3441257178783417,"y":-0.003663555486127734,"z":0.0013431657571345568,"w":-0.9389205574989319},"size":0.15145108103752137,"orthographic":false}