{"cameraMode":{"drawMode":0,"name":"Shaded","section":"Shading Mode"},"sceneLighting":true,"audioPlay":false,"sceneViewState":{"m_AlwaysRefresh":false,"showFog":true,"showSkybox":true,"showFlares":true,"showImageEffects":true,"showParticleSystems":true,"showVisualEffectGraphs":true,"m_FxEnabled":true},"in2DMode":false,"pivot":{"x":2.112245559692383,"y":0.08333349227905274,"z":7.612347602844238},"rotation":{"x":0.4962095618247986,"y":-0.014331447891891003,"z":0.008190538734197617,"w":0.8680468797683716},"size":0.000017335431039100513,"orthographic":false}