{"cameraMode":{"drawMode":0,"name":"Shaded","section":"Shading Mode"},"sceneLighting":false,"audioPlay":false,"sceneViewState":{"m_AlwaysRefresh":false,"showFog":true,"showSkybox":false,"showFlares":true,"showImageEffects":true,"showParticleSystems":true,"showVisualEffectGraphs":true,"m_FxEnabled":true},"in2DMode":false,"pivot":{"x":-0.3270297944545746,"y":6.437017440795898,"z":-2.5215086936950685},"rotation":{"x":0.5612457990646362,"y":0.053288016468286517,"z":-0.03624773398041725,"w":0.8251346945762634},"size":-0.0005826794658787549,"orthographic":false}