{"cameraMode":{"drawMode":0,"name":"Shaded","section":"Shading Mode"},"sceneLighting":false,"audioPlay":false,"sceneViewState":{"m_AlwaysRefresh":false,"showFog":true,"showSkybox":false,"showFlares":true,"showImageEffects":true,"showParticleSystems":true,"showVisualEffectGraphs":true,"m_FxEnabled":true},"in2DMode":false,"pivot":{"x":-0.7568583488464356,"y":0.9999995231628418,"z":-12.841418266296387},"rotation":{"x":-0.00022473838180303574,"y":0.9997304677963257,"z":0.020691918209195138,"w":0.010801712982356549},"size":2.864786386489868,"orthographic":false}