{"cameraMode":{"drawMode":0,"name":"Shaded","section":"Shading Mode"},"sceneLighting":false,"audioPlay":false,"sceneViewState":{"m_AlwaysRefresh":false,"showFog":true,"showSkybox":false,"showFlares":true,"showImageEffects":true,"showParticleSystems":true,"showVisualEffectGraphs":true,"m_FxEnabled":true},"in2DMode":false,"pivot":{"x":-0.4683680832386017,"y":4.449092388153076,"z":-2.4249887466430666},"rotation":{"x":0.45689085125923159,"y":0.2849389612674713,"z":-0.1572602391242981,"w":0.8278489708900452},"size":0.013539612293243409,"orthographic":false}